ruche;annee;semaine;n_videos;presence;intensite;n_positives;ic_intensite;date_semaine;presence_pct;ic_presence;presence_inf;presence_sup
2202;2022;15;25;0.32;1.25;8;0.32078029864690877;2022-04-11;32.0;18.28586514223486;13.714134857765139;50.28586514223486
2202;2022;16;11;0.2727272727272727;2.0;3;1.1316065276116665;2022-04-18;27.27272727272727;26.31919879849005;0.9535284742372205;53.591926071217316
2202;2022;17;30;0.7333333333333333;3.772727272727273;22;1.13843302484868;2022-04-25;73.33333333333333;15.824519184082888;57.50881414925044;89.15785251741622
2202;2022;18;20;0.05;1.0;1;;2022-05-02;5.0;9.551858457912784;0.0;14.551858457912784
2202;2022;19;50;0.18;1.4444444444444444;9;0.47463566274109553;2022-05-09;18.0;10.649132922449603;7.350867077550397;28.649132922449603
2202;2022;20;39;0.3333333333333333;2.6153846153846154;13;0.7204392699022985;2022-05-16;33.33333333333333;14.795086579489386;18.538246753843943;48.128419912822714
2202;2022;21;24;1.0;52.666666666666664;24;16.646905908561582;2022-05-23;100.0;0.0;100.0;100.0
2202;2022;22;51;1.0;78.25490196078431;51;11.350207343569643;2022-05-30;100.0;0.0;100.0;100.0
2202;2022;23;81;0.9876543209876543;88.65;80;9.547536552841686;2022-06-06;98.76543209876543;2.40476995111089;96.36066214765454;100.0
2202;2022;24;66;1.0;65.3030303030303;66;8.8503776587767;2022-06-13;100.0;0.0;100.0;100.0
2202;2022;25;100;1.0;92.5;100;8.131286269960025;2022-06-20;100.0;0.0;100.0;100.0
2202;2022;26;94;0.9893617021276596;73.48387096774194;93;12.27860104417129;2022-06-27;98.93617021276596;2.0739857363106675;96.8621844764553;100.0
2202;2022;27;101;0.9702970297029703;45.295918367346935;98;6.964474506711843;2022-07-04;97.02970297029702;3.3109122897020082;93.71879068059502;100.0
2202;2022;28;34;0.9411764705882353;29.625;32;10.638883907931866;2022-07-11;94.11764705882352;7.9091112206898195;86.2085358381337;100.0
2202;2022;29;36;0.19444444444444445;4.857142857142857;7;3.126318388562922;2022-07-18;19.444444444444446;12.928565473888431;6.515878970556015;32.373009918332876
2202;2022;30;100;0.41;41.4390243902439;41;13.268859426561725;2022-07-25;41.0;9.639932779848623;31.36006722015138;50.63993277984862
2202;2022;31;112;0.9910714285714286;49.171171171171174;111;9.73337669546404;2022-08-01;99.10714285714286;1.7421699830957913;97.36497287404707;100.0
2202;2022;32;111;1.0;21.153153153153152;111;2.1980769719933013;2022-08-08;100.0;0.0;100.0;100.0
2202;2022;33;112;1.0;35.44642857142857;112;5.712972100861793;2022-08-15;100.0;0.0;100.0;100.0
2202;2022;34;112;1.0;32.044642857142854;112;5.336294428906822;2022-08-22;100.0;0.0;100.0;100.0
2202;2022;35;112;1.0;23.660714285714285;112;3.2187230625130137;2022-08-29;100.0;0.0;100.0;100.0
2202;2022;36;107;0.6448598130841121;20.405797101449274;69;3.4996377390146356;2022-09-05;64.48598130841121;9.067691757206537;55.41828955120467;73.55367306561774
2202;2022;37;32;0.40625;2.6923076923076925;13;0.870466559701282;2022-09-12;40.625;17.01686605896485;23.60813394103515;57.64186605896485
2202;2023;18;53;0.7924528301886793;4.380952380952381;42;1.085218747072354;2023-05-01;79.24528301886792;10.918506946340102;68.32677607252782;90.16378996520803
2202;2023;19;84;0.4523809523809524;2.1315789473684212;38;0.4626590162059246;2023-05-08;45.23809523809524;10.644073294387647;34.594021943707595;55.882168532482886
2202;2023;20;83;0.5060240963855421;2.238095238095238;42;0.46186143935155655;2023-05-15;50.602409638554214;10.756116720688572;39.84629291786564;61.35852635924279
2202;2023;21;84;0.5833333333333334;2.6530612244897958;49;0.6352952069707437;2023-05-22;58.333333333333336;10.543121331342412;47.79021200199092;68.87645466467575
2202;2023;22;84;0.6071428571428571;3.8823529411764706;51;1.160067388568768;2023-05-29;60.71428571428571;10.444296689262199;50.269989025023506;71.15858240354791
2202;2023;23;83;0.7469879518072289;4.451612903225806;62;0.859544716780144;2023-06-05;74.69879518072288;9.352859813305788;65.3459353674171;84.05165499402867
2202;2023;24;84;0.75;3.5396825396825395;63;0.7906772601191047;2023-06-12;75.0;9.260129588726066;65.73987041127393;84.26012958872607
2202;2023;25;84;0.7619047619047619;4.78125;64;0.9223724881762488;2023-06-19;76.19047619047619;9.108400680852977;67.08207550962321;85.29887687132917
2202;2023;26;83;0.6385542168674698;3.150943396226415;53;0.605233431076847;2023-06-26;63.85542168674698;10.335642877757236;53.51977880898974;74.19106456450422
2202;2023;27;83;0.963855421686747;28.65;80;3.719018320178429;2023-07-03;96.3855421686747;4.01554552221566;92.36999664645904;100.0
2202;2023;28;84;0.7857142857142857;28.90909090909091;66;5.494348097946001;2023-07-10;78.57142857142857;8.774964387392123;69.79646418403645;87.34639295882069
2202;2023;29;84;0.30952380952380953;1.6923076923076923;26;0.3885051308366345;2023-07-17;30.952380952380953;9.886391694685212;21.06598925769574;40.838772647066165
2202;2023;30;84;0.40476190476190477;2.588235294117647;34;0.763456761235767;2023-07-24;40.476190476190474;10.496913126495103;29.979277349695373;50.973103602685576
2202;2023;31;67;0.16417910447761194;1.1818181818181819;11;0.23905599468543204;2023-07-31;16.417910447761194;8.870216568921261;7.547693878839933;25.288127016682456
2202;2023;32;84;0.011904761904761904;1.0;1;;2023-08-07;1.1904761904761905;2.3194028605720116;0.0;3.509879051048202
2202;2023;33;84;0.011904761904761904;1.0;1;;2023-08-14;1.1904761904761905;2.3194028605720116;0.0;3.509879051048202
2202;2023;34;66;0.0;;0;;2023-08-21;0.0;0.0;0.0;0.0
2202;2023;35;81;0.024691358024691357;1.0;2;0.0;2023-08-28;2.4691358024691357;3.3795360735739375;0.0;5.848671876043073
2202;2023;36;59;0.05084745762711865;1.3333333333333333;3;0.6533333333333333;2023-09-04;5.084745762711865;5.605736694219165;0.0;10.69048245693103
2202;2024;16;24;0.08333333333333333;3.5;2;2.939999999999999;2024-04-15;8.333333333333332;11.057718939643388;0.0;19.391052272976722
2202;2024;17;83;0.10843373493975904;2.0;9;0.8001666493091714;2024-04-22;10.843373493975903;6.689228745433723;4.154144748542181;17.532602239409627
2202;2024;18;84;0.08333333333333333;1.8571428571428572;7;1.0844353369380766;2024-04-29;8.333333333333332;5.910599393055258;2.422733940278074;14.24393272638859
2202;2024;19;84;0.17857142857142858;2.066666666666667;15;0.7994042226002507;2024-05-06;17.857142857142858;8.190441583537076;9.666701273605781;26.047584440679934
2202;2024;20;84;0.10714285714285714;1.6666666666666667;9;0.7304488726499311;2024-05-13;10.714285714285714;6.6143782776614755;4.099907436624238;17.328663991947188
2202;2024;21;84;0.07142857142857142;1.1666666666666667;6;0.32666666666666666;2024-05-20;7.142857142857142;5.507570547286102;1.6352865955710403;12.650427690143244
2202;2024;22;84;0.023809523809523808;1.5;2;0.9799999999999999;2024-05-27;2.380952380952381;3.2603112780269354;0.0;5.641263658979316
2202;2024;23;84;0.17857142857142858;1.6;15;0.46065460669211444;2024-06-03;17.857142857142858;8.190441583537076;9.666701273605781;26.047584440679934
2202;2024;24;84;0.07142857142857142;2.0;6;1.6003332986183432;2024-06-10;7.142857142857142;5.507570547286102;1.6352865955710403;12.650427690143244
2202;2024;25;84;0.19047619047619047;1.6875;16;0.5283145369947717;2024-06-17;19.047619047619047;8.39753050119608;10.650088546422968;27.445149548815127
2202;2024;26;84;0.4880952380952381;2.4634146341463414;41;0.5479865476405447;2024-06-24;48.80952380952381;10.689645387875059;38.11987842164875;59.49916919739887
2202;2024;27;84;0.21428571428571427;1.8888888888888888;18;0.6701963206451117;2024-07-01;21.428571428571427;8.774964387392123;12.653607041179304;30.203535815963548
2202;2024;28;80;0.4625;2.324324324324324;37;0.6172607973725968;2024-07-08;46.25;10.925873820889567;35.324126179110436;57.175873820889564
2202;2024;29;84;0.6190476190476191;2.1923076923076925;52;0.4170605262292005;2024-07-15;61.904761904761905;10.38517461826482;51.519587286497085;72.28993652302673
2202;2024;30;84;0.6785714285714286;2.8421052631578947;57;0.5324672099199058;2024-07-22;67.85714285714286;9.987492177719089;57.86965067942377;77.84463503486195
2202;2024;31;78;0.5512820512820513;2.86046511627907;43;0.6309674481919364;2024-07-29;55.12820512820513;11.037797374758485;44.09040775344665;66.16600250296362
2202;2024;32;84;0.34523809523809523;2.0344827586206895;29;0.4508562338911657;2024-08-05;34.523809523809526;10.167577372689603;24.356232151119922;44.691386896499125
2202;2024;33;84;0.011904761904761904;1.0;1;;2024-08-12;1.1904761904761905;2.3194028605720116;0.0;3.509879051048202
2202;2024;34;84;0.0;;0;;2024-08-19;0.0;0.0;0.0;0.0
2202;2024;35;84;0.011904761904761904;2.0;1;;2024-08-26;1.1904761904761905;2.3194028605720116;0.0;3.509879051048202
2202;2024;36;84;0.0;;0;;2024-09-02;0.0;0.0;0.0;0.0
2202;2024;37;24;0.0;;0;;2024-09-09;0.0;0.0;0.0;0.0
2203;2022;15;26;0.8846153846153846;18.434782608695652;23;7.328290272821887;2022-04-11;88.46153846153845;12.280628528317411;76.18090993322105;100.0
2203;2022;16;11;1.0;23.09090909090909;11;5.024600901054335;2022-04-18;100.0;0.0;100.0;100.0
2203;2022;17;29;0.9655172413793104;20.178571428571427;28;3.640473615911554;2022-04-25;96.55172413793103;6.641070493126991;89.91065364480404;100.0
2203;2022;18;20;0.85;10.176470588235293;17;1.448077594510454;2022-05-02;85.0;15.649345034217884;69.35065496578211;100.0
2203;2022;19;23;0.782608695652174;15.055555555555555;18;3.8406437444551935;2022-05-09;78.26086956521739;16.85720514594447;61.40366441927292;95.11807471116185
2203;2022;20;37;0.9459459459459459;11.285714285714286;35;3.743558546120962;2022-05-16;94.5945945945946;7.286223776186695;87.3083708184079;100.0
2203;2022;21;22;0.9545454545454546;5.523809523809524;21;1.4096114515867288;2022-05-23;95.45454545454545;8.704256840909327;86.75028861363613;100.0
2203;2022;22;39;0.8717948717948718;5.176470588235294;34;0.9082703899086763;2022-05-30;87.17948717948718;10.492612189930748;76.68687498955643;97.67209936941794
2203;2023;18;53;0.9622641509433962;4.803921568627451;51;1.0327962141643967;2023-05-01;96.22641509433963;5.130295170027415;91.09611992431222;100.0
2203;2023;19;84;0.9642857142857143;7.604938271604938;81;1.3964459842699577;2023-05-08;96.42857142857143;3.9686269665968847;92.45994446197454;100.0
2203;2023;20;73;0.958904109589041;6.257142857142857;70;1.4516232992407332;2023-05-15;95.8904109589041;4.553878388079003;91.3365325708251;100.0
2203;2023;21;84;0.9285714285714286;5.487179487179487;78;0.9501712298774911;2023-05-22;92.85714285714286;5.507570547286102;87.34957230985675;98.36471340442897
2203;2023;22;84;0.9404761904761905;10.189873417721518;79;2.0553547489759074;2023-05-29;94.04761904761905;5.059827255139433;88.98779179247961;99.10744630275849
2203;2023;23;84;0.9880952380952381;10.289156626506024;83;1.7701010886097874;2023-06-05;98.80952380952381;2.319402860572007;96.4901209489518;100.0
2203;2023;24;84;1.0;13.071428571428571;84;2.2689965582887304;2023-06-12;100.0;0.0;100.0;100.0
2203;2023;25;84;0.9880952380952381;17.686746987951807;83;3.032275897476652;2023-06-19;98.80952380952381;2.319402860572007;96.4901209489518;100.0
2203;2023;26;84;0.9761904761904762;10.75609756097561;82;1.5292027002641486;2023-06-26;97.61904761904762;3.260311278026937;94.35873634102069;100.0
2203;2023;27;84;0.9880952380952381;14.626506024096386;83;2.599676078733916;2023-07-03;98.80952380952381;2.319402860572007;96.4901209489518;100.0
2203;2023;28;84;0.9642857142857143;21.34567901234568;81;2.0597450813960725;2023-07-10;96.42857142857143;3.9686269665968847;92.45994446197454;100.0
2203;2023;29;84;0.9523809523809523;32.0375;80;2.2214973219128176;2023-07-17;95.23809523809523;4.55420034042649;90.68389489766874;99.79229557852172
2203;2023;30;84;0.9761904761904762;10.829268292682928;82;2.676272087309006;2023-07-24;97.61904761904762;3.260311278026937;94.35873634102069;100.0
2203;2023;31;84;0.9404761904761905;7.620253164556962;79;1.1394596435351232;2023-07-31;94.04761904761905;5.059827255139433;88.98779179247961;99.10744630275849
2203;2023;32;84;0.8928571428571429;4.8933333333333335;75;0.7915330585786184;2023-08-07;89.28571428571429;6.614378277661475;82.67133600805282;95.90009256337576
2203;2023;33;84;0.9404761904761905;4.8734177215189876;79;0.9183356746981022;2023-08-14;94.04761904761905;5.059827255139433;88.98779179247961;99.10744630275849
2203;2023;34;81;0.9629629629629629;5.294871794871795;78;1.142356584754696;2023-08-21;96.29629629629629;4.1127894019102325;92.18350689438606;100.0
2203;2023;35;38;0.9210526315789473;4.6571428571428575;35;1.068843465125355;2023-08-28;92.10526315789474;8.57383903789844;83.5314241199963;100.0
2206;2023;18;52;0.6730769230769231;77.51428571428572;35;13.343630972468167;2023-05-01;67.3076923076923;12.749981034730244;54.55771127296207;80.05767334242255
2206;2023;19;84;0.32142857142857145;141.22222222222223;27;26.544161114428835;2023-05-08;32.142857142857146;9.98749217771909;22.155364965138055;42.13034932057624
2206;2023;20;72;0.7361111111111112;59.39622641509434;53;8.18809815813606;2023-05-15;73.61111111111111;10.180569240217842;63.43054187089327;83.79168035132895
2206;2023;21;75;0.9733333333333334;56.821917808219176;73;6.66045232100721;2023-05-22;97.33333333333334;3.646200985907059;93.68713234742629;100.0
2206;2023;22;77;0.935064935064935;49.40277777777778;72;6.20178044974398;2023-05-29;93.5064935064935;5.50390886301287;88.00258464348063;99.01040236950637
2206;2023;23;84;0.9642857142857143;54.22222222222222;81;5.069944310211107;2023-06-05;96.42857142857143;3.9686269665968847;92.45994446197454;100.0
2206;2023;24;84;0.9523809523809523;66.7375;80;7.257726175417599;2023-06-12;95.23809523809523;4.55420034042649;90.68389489766874;99.79229557852172
2206;2023;25;83;0.6746987951807228;65.53571428571429;56;11.778859876915085;2023-06-19;67.46987951807229;10.07893926949723;57.39094024857506;77.54881878756952
2206;2023;26;84;0.9642857142857143;81.64197530864197;81;9.086274333243216;2023-06-26;96.42857142857143;3.9686269665968847;92.45994446197454;100.0
2206;2023;27;84;0.9166666666666666;116.6103896103896;77;13.884050600240206;2023-07-03;91.66666666666666;5.91059939305526;85.7560672736114;97.57726605972192
2206;2023;28;84;0.8690476190476191;116.56164383561644;73;12.166526654841824;2023-07-10;86.90476190476191;7.214311907333664;79.69044999742825;94.11907381209558
2206;2023;29;83;0.9759036144578314;73.91358024691358;81;6.873571547102586;2023-07-17;97.59036144578313;3.299107294809566;94.29125415097357;100.0
2206;2023;30;84;0.9642857142857143;55.23456790123457;81;4.4752235959565;2023-07-24;96.42857142857143;3.9686269665968847;92.45994446197454;100.0
2206;2023;31;82;0.9878048780487805;59.901234567901234;81;5.605674129647351;2023-07-31;98.78048780487805;2.3756245365369435;96.4048632683411;100.0
2206;2023;32;84;0.9523809523809523;85.275;80;14.023230274409455;2023-08-07;95.23809523809523;4.55420034042649;90.68389489766874;99.79229557852172
2206;2023;33;67;0.9850746268656716;94.48484848484848;66;12.611780279435932;2023-08-14;98.50746268656717;2.903459918409516;95.60400276815766;100.0
2206;2023;34;72;0.9722222222222222;73.6;70;11.855475237266925;2023-08-21;97.22222222222221;3.795957527793491;93.42626469442872;100.0
2206;2023;35;78;0.8717948717948718;59.279411764705884;68;9.373765841194817;2023-08-28;87.17948717948718;7.419397231860664;79.76008994762651;94.59888441134785
2206;2023;36;84;0.9523809523809523;40.0625;80;4.974648710643175;2023-09-04;95.23809523809523;4.55420034042649;90.68389489766874;99.79229557852172
2206;2023;37;76;0.9868421052631579;63.50666666666667;75;10.148330969992875;2023-09-11;98.68421052631578;2.561924427481075;96.1222860988347;100.0
2206;2023;38;84;1.0;85.23809523809524;84;9.352087984259345;2023-09-18;100.0;0.0;100.0;100.0
2206;2023;39;84;0.9761904761904762;63.13414634146341;82;7.618333266610907;2023-09-25;97.61904761904762;3.260311278026937;94.35873634102069;100.0
2206;2023;40;84;1.0;97.52380952380952;84;16.9323815942258;2023-10-02;100.0;0.0;100.0;100.0
2206;2023;41;84;1.0;81.54761904761905;84;11.045181810707918;2023-10-09;100.0;0.0;100.0;100.0
2206;2023;42;84;0.9880952380952381;120.27710843373494;83;11.453447277478837;2023-10-16;98.80952380952381;2.319402860572007;96.4901209489518;100.0
2206;2023;43;80;0.9875;89.17721518987342;79;9.79788515342354;2023-10-23;98.75;2.43463934700809;96.31536065299191;100.0
2206;2023;44;84;1.0;67.03571428571429;84;9.434026958761278;2023-10-30;100.0;0.0;100.0;100.0
2206;2023;45;42;0.9761904761904762;68.70731707317073;41;15.871284307831294;2023-11-06;97.61904761904762;4.610776426943653;93.00827119210396;100.0
2206;2024;18;72;0.9166666666666666;104.10606060606061;66;12.766813541210835;2024-04-29;91.66666666666666;6.384177006426336;85.28248966024032;98.050843673093
2206;2024;19;84;0.8214285714285714;85.10144927536231;69;9.112810501719466;2024-05-06;82.14285714285714;8.190441583537076;73.95241555932006;90.33329872639422
2206;2024;20;84;0.9761904761904762;91.46341463414635;82;9.263797141714234;2024-05-13;97.61904761904762;3.260311278026937;94.35873634102069;100.0
