"modele";"reponse";"source";"vent";"version";"variable";"unite";"n";"breakpoint";"IC95_inf";"IC95_sup";"AIC_lineaire";"AIC_breakpoint";"AIC_spline";"delta_AIC_bp_vs_lineaire";"delta_AIC_bp_vs_spline";"breakpoint_retenu";"meilleur_modele"
"presence_IC_moyen_complet";"presence";"IC";"moyen";"complet";"temperature";"°C";8455;19,3047619047619;17,0666666666667;22,5;4982,46891064645;4980,62817195014;4981,48882654676;-1,84073869630902;-0,860654596618588;FALSE;"equivalent"
"presence_IC_moyen_complet";"presence";"IC";"moyen";"complet";"humidite";"%";8455;48,7500000000001;44,7500000000001;92,2500000000004;4982,46891064645;4982,80432762695;4984,26055380958;0,335416980497939;-1,45622618263224;FALSE;"equivalent"
"presence_IC_moyen_complet";"presence";"IC";"moyen";"complet";"pression";"hPa";8455;1027,59523809524;1025,13333333333;1028,36666666666;4982,46891064645;4977,50180470628;4979,91774397938;-4,9671059401735;-2,4159392731035;TRUE;"breakpoint"
"presence_IC_moyen_complet";"presence";"IC";"moyen";"complet";"vent";"m/s";8455;14,2095238095239;10,1000000000001;18,6;4982,46891064645;4980,61687568684;4982,09370983046;-1,85203495960559;-1,47683414361563;FALSE;"equivalent"
"intensite_IC_moyen_complet";"intensite";"IC";"moyen";"complet";"temperature";"°C";5779;19,3503401360544;18,6380952380952;20,3;44274,4748681959;44259,297165825;44263,7500984297;-15,1777023709001;-4,45293260469771;TRUE;"breakpoint"
"intensite_IC_moyen_complet";"intensite";"IC";"moyen";"complet";"humidite";"%";5779;69,0714285714286;63,4714285714285;75,7500000000001;44274,4748681959;44254,6354895175;44253,3827574852;-19,8393786783636;1,25273203234246;TRUE;"equivalent"
"intensite_IC_moyen_complet";"intensite";"IC";"moyen";"complet";"pression";"hPa";5779;1024,62142857143;1023,90476190477;1025,13333333334;44274,4748681959;44247,7771691075;44244,7382653442;-26,6976990884505;3,0389037632558;TRUE;"spline"
"intensite_IC_moyen_complet";"intensite";"IC";"moyen";"complet";"vent";"m/s";5779;7,06666666666672;7,06666666666672;25,6666666666667;44274,4748681959;44277,7169809581;44278,2485822753;3,24211276220012;-0,531601317197783;FALSE;"equivalent"
"presence_IC_rafale_max_complet";"presence";"IC";"rafale_max";"complet";"temperature";"°C";8458;19,3047619047619;17,0666666666666;22,5;4984,07041352276;4981,6887253578;4982,6389132755;-2,38168816495636;-0,950187917696894;TRUE;"equivalent"
"presence_IC_rafale_max_complet";"presence";"IC";"rafale_max";"complet";"humidite";"%";8458;48,7500000000001;44,7500000000001;92,2500000000002;4984,07041352276;4984,72486321217;4986,17111884827;0,654449689407556;-1,44625563610316;FALSE;"equivalent"
"presence_IC_rafale_max_complet";"presence";"IC";"rafale_max";"complet";"pression";"hPa";8458;1027,59523809524;1025,13333333334;1028,36666666667;4984,07041352276;4978,971050153;4981,26588977475;-5,09936336976443;-2,29483962175436;TRUE;"breakpoint"
"presence_IC_rafale_max_complet";"presence";"IC";"rafale_max";"complet";"vent";"m/s";8458;32,7214285714285;16,8;44,3999999999998;4984,07041352276;4986,62811559534;4987,29225074063;2,55770207258229;-0,664135145288128;FALSE;"equivalent"
"intensite_IC_rafale_max_complet";"intensite";"IC";"rafale_max";"complet";"temperature";"°C";5781;19,3585034013606;18,652380952381;20,3;44285,2868811026;44270,9482070805;44275,2509294355;-14,3386740220521;-4,30272235495067;TRUE;"breakpoint"
"intensite_IC_rafale_max_complet";"intensite";"IC";"rafale_max";"complet";"humidite";"%";5781;69,0714285714284;63,4999999999999;75,7499999999999;44285,2868811026;44265,6180200929;44264,7661016506;-19,6688610096899;0,85191844230576;TRUE;"equivalent"
"intensite_IC_rafale_max_complet";"intensite";"IC";"rafale_max";"complet";"pression";"hPa";5781;1024,62142857143;1023,90476190476;1025,13333333333;44285,2868811026;44257,7808432749;44255,2068175504;-27,5060378277194;2,57402572447609;TRUE;"spline"
"intensite_IC_rafale_max_complet";"intensite";"IC";"rafale_max";"complet";"vent";"m/s";5781;35,9;24,8;44,4;44285,2868811026;44283,9905971605;44284,524285011;-1,29628394212341;-0,533687850525894;FALSE;"equivalent"
"presence_MR_moyen_complet";"presence";"MR";"moyen";"complet";"temperature";"°C";6130;23,4666666666667;15;27,9666666666667;3510,10936857171;3513,31215292236;3513,65770291075;3,20278435064665;-0,345549988393032;FALSE;"equivalent"
"presence_MR_moyen_complet";"presence";"MR";"moyen";"complet";"humidite";"%";6130;48,6607142857145;46,2500000000003;93,7499999999999;3510,10936857171;3512,80919429547;3513,93580046661;2,69982572376193;-1,12660617113806;FALSE;"equivalent"
"presence_MR_moyen_complet";"presence";"MR";"moyen";"complet";"pression";"hPa";6130;1027,79523809524;1026,53333333333;1028,3;3510,10936857171;3500,14571587461;3502,91171036964;-9,96365269710077;-2,76599449503055;TRUE;"breakpoint"
"presence_MR_moyen_complet";"presence";"MR";"moyen";"complet";"vent";"m/s";6130;4,10168571428571;1,584;4,57199999999999;3510,10936857171;3510,52406646719;3511,99745857819;0,414697895481368;-1,4733921109987;FALSE;"equivalent"
"intensite_MR_moyen_complet";"intensite";"MR";"moyen";"complet";"temperature";"°C";4346;19,3969387755102;19,0785714285714;21,3;34130,6686487092;34111,6565333511;34116,5547538487;-19,0121153581204;-4,89822049762006;TRUE;"breakpoint"
"intensite_MR_moyen_complet";"intensite";"MR";"moyen";"complet";"humidite";"%";4346;66,9642857142859;62,2500000000002;71,5000000000002;34130,6686487092;34101,9143197152;34108,8383245563;-28,7543289940149;-6,92400484111567;TRUE;"breakpoint"
"intensite_MR_moyen_complet";"intensite";"MR";"moyen";"complet";"pression";"hPa";4346;1029,56666666667;1024,26666666667;1029,56666666667;34130,6686487092;34109,319430845;34108,0617971512;-21,3492178641754;1,25763369382912;TRUE;"equivalent"
"intensite_MR_moyen_complet";"intensite";"MR";"moyen";"complet";"vent";"m/s";4346;4,554;3,492;4,554;34130,6686487092;34130,1957087714;34129,508475513;-0,472939937833871;0,687233258366177;FALSE;"equivalent"
"presence_MR_rafale_max_complet";"presence";"MR";"rafale_max";"complet";"temperature";"°C";6130;19;15;27,9666666666667;3510,29977658882;3513,31609359586;3513,67763945418;3,01631700703729;-0,361545858322643;FALSE;"equivalent"
"presence_MR_rafale_max_complet";"presence";"MR";"rafale_max";"complet";"humidite";"%";6130;48,6607142857145;46,2500000000003;93,7499999999999;3510,29977658882;3513,00651704915;3514,06655347756;2,70674046033218;-1,06003642840778;FALSE;"equivalent"
"presence_MR_rafale_max_complet";"presence";"MR";"rafale_max";"complet";"pression";"hPa";6130;1027,79523809524;1026,53333333333;1028,3;3510,29977658882;3500,23203853951;3503,01324040251;-10,0677380493071;-2,78120186299702;TRUE;"breakpoint"
"presence_MR_rafale_max_complet";"presence";"MR";"rafale_max";"complet";"vent";"m/s";6130;7,76057142857142;4,35600000000001;12,888;3510,29977658882;3513,64607560033;3514,08157366684;3,34629901150765;-0,435498066512537;FALSE;"equivalent"
"intensite_MR_rafale_max_complet";"intensite";"MR";"rafale_max";"complet";"temperature";"°C";4346;19,7153061224489;19,0785714285714;21,3;34124,4356482818;34105,4264368763;34110,2508802814;-19,009211405486;-4,82444340508664;TRUE;"breakpoint"
"intensite_MR_rafale_max_complet";"intensite";"MR";"rafale_max";"complet";"humidite";"%";4346;66,107142857143;62,2500000000002;71,5000000000002;34124,4356482818;34093,7246085989;34101,1172278196;-30,7110396829448;-7,39261922075093;TRUE;"breakpoint"
"intensite_MR_rafale_max_complet";"intensite";"MR";"rafale_max";"complet";"pression";"hPa";4346;1029,56666666667;1024,26666666667;1029,56666666667;34124,4356482818;34103,1726513044;34102,3686522359;-21,2629969773698;0,803999068528356;TRUE;"equivalent"
"intensite_MR_rafale_max_complet";"intensite";"MR";"rafale_max";"complet";"vent";"m/s";4346;12,51;4,32;12,996;34124,4356482818;34127,9006086346;34128,1047279195;3,46496035277232;-0,204119284928311;FALSE;"equivalent"
"presence_IC_moyen_sans_2202_2024";"presence";"IC";"moyen";"sans_2202_2024";"temperature";"°C";6746;23,6;19,5333333333333;26,3333333333333;3447,23719831446;3441,06863883172;3442,60513612559;-6,16855948273542;-1,53649729386552;TRUE;"equivalent"
"presence_IC_moyen_sans_2202_2024";"presence";"IC";"moyen";"sans_2202_2024";"humidite";"%";6746;62,4285714285711;50,6666666666663;91,2499999999999;3447,23719831446;3446,13407082808;3447,63375245904;-1,10312748638398;-1,49968163096401;FALSE;"equivalent"
"presence_IC_moyen_sans_2202_2024";"presence";"IC";"moyen";"sans_2202_2024";"pression";"hPa";6746;1027,62023809524;1021;1028,46666666667;3447,23719831446;3446,20249627683;3448,4253806637;-1,03470203763345;-2,22288438687337;FALSE;"breakpoint"
"presence_IC_moyen_sans_2202_2024";"presence";"IC";"moyen";"sans_2202_2024";"vent";"m/s";6746;13,4465986394558;7,13333333333336;25,9666666666666;3447,23719831446;3449,15527759354;3450,17675724675;1,91807927907803;-1,02147965321228;FALSE;"equivalent"
"intensite_IC_moyen_sans_2202_2024";"intensite";"IC";"moyen";"sans_2202_2024";"temperature";"°C";5417;19,2428571428572;18,5;20,2333333333334;43108,6490925435;43095,6521714219;43100,0224802076;-12,9969211216085;-4,37030878570658;TRUE;"breakpoint"
"intensite_IC_moyen_sans_2202_2024";"intensite";"IC";"moyen";"sans_2202_2024";"humidite";"%";5417;67,2499999999998;63,4999999999998;76,2499999999998;43108,6490925435;43087,3047089431;43088,1064403977;-21,3443836004444;-0,801731454645051;TRUE;"equivalent"
"intensite_IC_moyen_sans_2202_2024";"intensite";"IC";"moyen";"sans_2202_2024";"pression";"hPa";5417;1024,58571428571;1023,86904761905;1029,83333333333;43108,6490925435;43085,7986725481;43082,9485718084;-22,8504199954041;2,8501007396917;TRUE;"spline"
"intensite_IC_moyen_sans_2202_2024";"intensite";"IC";"moyen";"sans_2202_2024";"vent";"m/s";5417;7,09999999999997;7,09999999999997;25,88;43108,6490925435;43111,6635017356;43112,3702032914;3,01440919213928;-0,706701555762265;FALSE;"equivalent"
"presence_IC_rafale_max_sans_2202_2024";"presence";"IC";"rafale_max";"sans_2202_2024";"temperature";"°C";6749;23,6;19,5333333333333;26,3333333333333;3447,66504729472;3441,52187898687;3442,99940031298;-6,14316830785128;-1,4775213261114;TRUE;"equivalent"
"presence_IC_rafale_max_sans_2202_2024";"presence";"IC";"rafale_max";"sans_2202_2024";"humidite";"%";6749;62,4285714285715;50,6666666666668;91,2499999999998;3447,66504729472;3446,53464946152;3448,01607187882;-1,13039783320482;-1,48142241730511;FALSE;"equivalent"
"presence_IC_rafale_max_sans_2202_2024";"presence";"IC";"rafale_max";"sans_2202_2024";"pression";"hPa";6749;1027,61666666667;1021,86666666667;1028,46666666667;3447,66504729472;3446,57064030666;3448,85715407854;-1,09440698806202;-2,28651377188226;FALSE;"breakpoint"
"presence_IC_rafale_max_sans_2202_2024";"presence";"IC";"rafale_max";"sans_2202_2024";"vent";"m/s";6749;20,3285714285715;16,7;44,4999999999999;3447,66504729472;3451,33117505111;3451,53292486326;3,66612775639487;-0,201749812145408;FALSE;"equivalent"
"intensite_IC_rafale_max_sans_2202_2024";"intensite";"IC";"rafale_max";"sans_2202_2024";"temperature";"°C";5419;19,2428571428571;18,5;21;43119,0468904585;43107,0117555433;43111,1775665824;-12,0351349152043;-4,16581103910721;TRUE;"breakpoint"
"intensite_IC_rafale_max_sans_2202_2024";"intensite";"IC";"rafale_max";"sans_2202_2024";"humidite";"%";5419;67,2499999999997;63,4999999999997;76,2499999999998;43119,0468904585;43097,9660177775;43099,1777873897;-21,0808726809628;-1,21176961216406;TRUE;"equivalent"
"intensite_IC_rafale_max_sans_2202_2024";"intensite";"IC";"rafale_max";"sans_2202_2024";"pression";"hPa";5419;1024,58571428572;1023,86904761905;1029,83333333333;43119,0468904585;43095,4172185821;43093,0204844762;-23,6296718763915;2,39673410591058;TRUE;"spline"
"intensite_IC_rafale_max_sans_2202_2024";"intensite";"IC";"rafale_max";"sans_2202_2024";"vent";"m/s";5419;36,1;24,72;44,7;43119,0468904585;43117,93930101;43118,3434662555;-1,10758944848203;-0,404165245483455;FALSE;"equivalent"
"presence_MR_moyen_sans_2202_2024";"presence";"MR";"moyen";"sans_2202_2024";"temperature";"°C";5303;20,7;17,172380952381;26,9333333333334;2839,16768171601;2838,25085945706;2839,03027910079;-0,91682225895147;-0,779419643731217;FALSE;"equivalent"
"presence_MR_moyen_sans_2202_2024";"presence";"MR";"moyen";"sans_2202_2024";"humidite";"%";5303;59,7857142857145;45,5000000000003;92,9999999999999;2839,16768171601;2840,19602188474;2840,93703498456;1,02834016872885;-0,741013099820975;FALSE;"equivalent"
"presence_MR_moyen_sans_2202_2024";"presence";"MR";"moyen";"sans_2202_2024";"pression";"hPa";5303;1027,71428571429;1024,43333333334;1028,33333333334;2839,16768171601;2833,03161678809;2834,92397817123;-6,13606492791905;-1,8923613831389;TRUE;"equivalent"
"presence_MR_moyen_sans_2202_2024";"presence";"MR";"moyen";"sans_2202_2024";"vent";"m/s";5303;3,94769387755104;1,58400000000001;4,57200000000002;2839,16768171601;2840,94142903172;2841,53075592237;1,77374731570626;-0,589326890653865;FALSE;"equivalent"
"intensite_MR_moyen_sans_2202_2024";"intensite";"MR";"moyen";"sans_2202_2024";"temperature";"°C";4234;19,4142857142857;19,1;21,3;33825,6571445452;33807,5237891373;33812,4397163364;-18,1333554078883;-4,91592719908658;TRUE;"breakpoint"
"intensite_MR_moyen_sans_2202_2024";"intensite";"MR";"moyen";"sans_2202_2024";"humidite";"%";4234;66,9642857142859;62,2500000000002;71,5000000000002;33825,6571445452;33797,6312784081;33804,467884622;-28,0258661370972;-6,83660621389572;TRUE;"breakpoint"
"intensite_MR_moyen_sans_2202_2024";"intensite";"MR";"moyen";"sans_2202_2024";"pression";"hPa";4234;1029,6;1024,3;1029,6;33825,6571445452;33806,9423327179;33805,9122872971;-18,7148118272962;1,03004542080453;TRUE;"equivalent"
"intensite_MR_moyen_sans_2202_2024";"intensite";"MR";"moyen";"sans_2202_2024";"vent";"m/s";4234;4,572;1,58400000000001;4,572;33825,6571445452;33825,3818952752;33824,741596375;-0,275249270031054;0,640298900165362;FALSE;"equivalent"
"presence_MR_rafale_max_sans_2202_2024";"presence";"MR";"rafale_max";"sans_2202_2024";"temperature";"°C";5303;20,7;17,172380952381;25,7952380952381;2837,96569674556;2836,92838598828;2837,73970545079;-1,03731075727501;-0,811319462505253;FALSE;"equivalent"
"presence_MR_rafale_max_sans_2202_2024";"presence";"MR";"rafale_max";"sans_2202_2024";"humidite";"%";5303;91,0714285714285;45,5000000000003;92,9999999999999;2837,96569674556;2838,93017731682;2839,90457651318;0,96448057126463;-0,974399196355535;FALSE;"equivalent"
"presence_MR_rafale_max_sans_2202_2024";"presence";"MR";"rafale_max";"sans_2202_2024";"pression";"hPa";5303;1027,71428571429;1024,43333333334;1028,33333333334;2837,96569674556;2831,69096289229;2833,68240793427;-6,27473385326948;-1,99144504197966;TRUE;"equivalent"
"presence_MR_rafale_max_sans_2202_2024";"presence";"MR";"rafale_max";"sans_2202_2024";"vent";"m/s";5303;10,2805714285714;4,32000000000001;12,888;2837,96569674556;2841,62041037424;2841,65838919276;3,6547136286822;-0,0379788185177858;FALSE;"equivalent"
"intensite_MR_rafale_max_sans_2202_2024";"intensite";"MR";"rafale_max";"sans_2202_2024";"temperature";"°C";4234;19,7285714285714;19,1;21,3;33819,0124971719;33800,8312660582;33805,7057449795;-18,1812311136746;-4,87447892127966;TRUE;"breakpoint"
"intensite_MR_rafale_max_sans_2202_2024";"intensite";"MR";"rafale_max";"sans_2202_2024";"humidite";"%";4234;66,1071428571431;62,2500000000002;71,5000000000002;33819,0124971719;33788,9743363617;33796,296254407;-30,0381608101889;-7,3219180452943;TRUE;"breakpoint"
"intensite_MR_rafale_max_sans_2202_2024";"intensite";"MR";"rafale_max";"sans_2202_2024";"pression";"hPa";4234;1029,6;1024,3;1029,6;33819,0124971719;33800,4378059268;33799,9027515219;-18,5746912451286;0,535054404870607;TRUE;"equivalent"
"intensite_MR_rafale_max_sans_2202_2024";"intensite";"MR";"rafale_max";"sans_2202_2024";"vent";"m/s";4234;12,5177142857143;4,32000000000001;12,996;33819,0124971719;33822,2310956032;33822,5734612191;3,21859843134007;-0,342365615862946;FALSE;"equivalent"
