"modele";"seuil_haut";"logLik";"AIC_2BP"
"intensite_IC_moyen_complet";23,4666666666667;-22096,2897614356;44262,5795228711
"intensite_IC_moyen_complet";24,2767142857143;-22096,3566746792;44262,7133493585
"intensite_IC_moyen_complet";25,0867619047619;-22096,3860123857;44262,7720247714
"intensite_IC_moyen_complet";25,2024829931973;-22096,3530668732;44262,7061337464
"intensite_IC_moyen_complet";25,3182040816327;-22096,3137313842;44262,6274627684
"intensite_IC_moyen_complet";25,433925170068;-22096,2665547235;44262,5331094471
"intensite_IC_moyen_complet";25,5496462585034;-22096,2106452932;44262,4212905865
"intensite_IC_moyen_complet";25,6653673469388;-22096,1767017154;44262,3534034308
"intensite_IC_moyen_complet";25,7810884353742;-22096,1676001561;44262,3352003122
"intensite_IC_moyen_complet";25,8968095238095;-22096,1509218797;44262,3018437594
"intensite_IC_moyen_complet";26,0125306122449;-22096,1351859205;44262,270371841
"intensite_IC_moyen_complet";26,1282517006803;-22096,1333065389;44262,2666130777
"intensite_IC_moyen_complet";26,2439727891157;-22096,1460385335;44262,2920770671
"intensite_IC_moyen_complet";26,359693877551;-22096,1503783142;44262,3007566284
"intensite_IC_moyen_complet";26,4754149659864;-22096,1555800254;44262,3111600507
"intensite_IC_moyen_complet";26,5911360544218;-22096,1818083391;44262,3636166782
"intensite_IC_moyen_complet";26,7068571428571;-22096,2069088081;44262,4138176162
"intensite_IC_moyen_complet";27,5169047619048;-22096,2548710978;44262,5097421956
"intensite_IC_moyen_complet";28,3269523809524;-22096,3333489822;44262,6666979643
"intensite_IC_moyen_complet";29,137;-22096,3452001688;44262,6904003376
"intensite_IC_moyen_complet";29,9470476190476;-22096,3871673724;44262,7743347447
"intensite_IC_moyen_complet";30,7570952380952;-22096,411986092;44262,8239721841
"intensite_IC_moyen_complet";31,5671428571429;-22096,4350593228;44262,8701186457
"intensite_IC_moyen_complet";32,3771904761905;-22096,4392009533;44262,8784019067
"intensite_IC_moyen_complet";33,1872380952381;-22096,6041830369;44263,2083660738
"intensite_IC_moyen_complet";33,9972857142857;-22096,6350518943;44263,2701037886
"intensite_IC_moyen_complet";34,8073333333333;-22096,6001862285;44263,200372457
"intensite_IC_rafale_max_complet";23,4666666666667;-22102,1715381639;44274,3430763278
"intensite_IC_rafale_max_complet";24,2766666666667;-22102,2370981806;44274,4741963612
"intensite_IC_rafale_max_complet";25,0866666666667;-22102,2651557002;44274,5303114004
"intensite_IC_rafale_max_complet";25,202380952381;-22102,2357884354;44274,4715768709
"intensite_IC_rafale_max_complet";25,3180952380952;-22102,2002129251;44274,4004258502
"intensite_IC_rafale_max_complet";25,4338095238095;-22102,157057161;44274,3141143219
"intensite_IC_rafale_max_complet";25,5495238095238;-22102,1054732551;44274,2109465102
"intensite_IC_rafale_max_complet";25,6652380952381;-22102,0737775267;44274,1475550534
"intensite_IC_rafale_max_complet";25,7809523809524;-22102,0649672387;44274,1299344775
"intensite_IC_rafale_max_complet";25,8966666666667;-22102,0491197934;44274,0982395867
"intensite_IC_rafale_max_complet";26,012380952381;-22102,0338421738;44274,0676843475
"intensite_IC_rafale_max_complet";26,1280952380952;-22102,0313008626;44274,0626017252
"intensite_IC_rafale_max_complet";26,2438095238095;-22102,0420471774;44274,0840943548
"intensite_IC_rafale_max_complet";26,3595238095238;-22102,0449981914;44274,0899963829
"intensite_IC_rafale_max_complet";26,4752380952381;-22102,0486566581;44274,0973133161
"intensite_IC_rafale_max_complet";26,5909523809524;-22102,0720912651;44274,1441825302
"intensite_IC_rafale_max_complet";26,7066666666667;-22102,0947584782;44274,1895169564
"intensite_IC_rafale_max_complet";27,5166666666667;-22102,1346319086;44274,2692638172
"intensite_IC_rafale_max_complet";28,3266666666667;-22102,2027007877;44274,4054015754
"intensite_IC_rafale_max_complet";29,1366666666667;-22102,2063831496;44274,4127662991
"intensite_IC_rafale_max_complet";29,9466666666667;-22102,2370009085;44274,474001817
"intensite_IC_rafale_max_complet";30,7566666666667;-22102,2518345956;44274,5036691912
"intensite_IC_rafale_max_complet";31,5666666666667;-22102,2686604924;44274,5373209848
"intensite_IC_rafale_max_complet";32,3766666666667;-22102,2703765048;44274,5407530096
"intensite_IC_rafale_max_complet";33,1866666666667;-22102,4304041158;44274,8608082316
"intensite_IC_rafale_max_complet";33,9966666666667;-22102,4608943834;44274,9217887668
"intensite_IC_rafale_max_complet";34,8066666666667;-22102,4284716534;44274,8569433068
"intensite_MR_moyen_complet";22,9;-17025,8237314565;34115,647462913
"intensite_MR_moyen_complet";23,6190476190476;-17025,7350653378;34115,4701306756
"intensite_MR_moyen_complet";24,3380952380952;-17025,7370054916;34115,4740109831
"intensite_MR_moyen_complet";25,0571428571429;-17025,7073530203;34115,4147060405
"intensite_MR_moyen_complet";25,7761904761905;-17025,4278023123;34114,8556046246
"intensite_MR_moyen_complet";26,4952380952381;-17025,2122613722;34114,4245227444
"intensite_MR_moyen_complet";27,2142857142857;-17024,9946065182;34113,9892130365
"intensite_MR_moyen_complet";27,9333333333333;-17024,5870624489;34113,1741248977
"intensite_MR_moyen_complet";28,652380952381;-17024,5055329459;34113,0110658918
"intensite_MR_moyen_complet";28,7551020408163;-17024,4497300395;34112,899460079
"intensite_MR_moyen_complet";28,8578231292517;-17024,3994651547;34112,7989303094
"intensite_MR_moyen_complet";28,9605442176871;-17024,3327440773;34112,6654881545
"intensite_MR_moyen_complet";29,0632653061225;-17024,2668894553;34112,5337789105
"intensite_MR_moyen_complet";29,1659863945578;-17024,222101578;34112,444203156
"intensite_MR_moyen_complet";29,2687074829932;-17024,1841650714;34112,3683301429
"intensite_MR_moyen_complet";29,3714285714286;-17024,1686568806;34112,3373137611
"intensite_MR_moyen_complet";29,4741496598639;-17024,1665674986;34112,3331349972
"intensite_MR_moyen_complet";29,5768707482993;-17024,1682458969;34112,3364917937
"intensite_MR_moyen_complet";29,6795918367347;-17024,1807566887;34112,3615133775
"intensite_MR_moyen_complet";29,7823129251701;-17024,1732052454;34112,3464104908
"intensite_MR_moyen_complet";29,8850340136054;-17024,1801138535;34112,3602277071
"intensite_MR_moyen_complet";29,9877551020408;-17024,2006478572;34112,4012957143
"intensite_MR_moyen_complet";30,0904761904762;-17024,2336089832;34112,4672179664
"intensite_MR_moyen_complet";30,8095238095238;-17024,443783252;34112,8875665041
"intensite_MR_moyen_complet";31,5285714285714;-17024,9805689394;34113,9611378787
"intensite_MR_moyen_complet";32,2476190476191;-17025,3470811536;34114,6941623071
"intensite_MR_rafale_max_complet";22,9;-17022,6884350852;34109,3768701705
"intensite_MR_rafale_max_complet";23,6190476190476;-17022,5733676562;34109,1467353125
"intensite_MR_rafale_max_complet";24,3380952380952;-17022,5921179569;34109,1842359138
"intensite_MR_rafale_max_complet";25,0571428571429;-17022,5709898996;34109,1419797992
"intensite_MR_rafale_max_complet";25,7761904761905;-17022,2915370022;34108,5830740044
"intensite_MR_rafale_max_complet";26,4952380952381;-17022,0903397858;34108,1806795715
"intensite_MR_rafale_max_complet";27,2142857142857;-17021,8930849092;34107,7861698184
"intensite_MR_rafale_max_complet";27,9333333333333;-17021,51722669;34107,0344533799
"intensite_MR_rafale_max_complet";28,652380952381;-17021,4419428825;34106,883885765
"intensite_MR_rafale_max_complet";28,7551020408163;-17021,3845149773;34106,7690299546
"intensite_MR_rafale_max_complet";28,8578231292517;-17021,3341864797;34106,6683729594
"intensite_MR_rafale_max_complet";28,9605442176871;-17021,2675135566;34106,5350271133
"intensite_MR_rafale_max_complet";29,0632653061225;-17021,2008700749;34106,4017401498
"intensite_MR_rafale_max_complet";29,1659863945578;-17021,1534489176;34106,3068978352
"intensite_MR_rafale_max_complet";29,2687074829932;-17021,1130700919;34106,2261401839
"intensite_MR_rafale_max_complet";29,3714285714286;-17021,0956992504;34106,1913985007
"intensite_MR_rafale_max_complet";29,4741496598639;-17021,090973675;34106,18194735
"intensite_MR_rafale_max_complet";29,5768707482993;-17021,0902753265;34106,180550653
"intensite_MR_rafale_max_complet";29,6795918367347;-17021,101063171;34106,202126342
"intensite_MR_rafale_max_complet";29,7823129251701;-17021,0929597285;34106,1859194571
"intensite_MR_rafale_max_complet";29,8850340136054;-17021,0987504547;34106,1975009094
"intensite_MR_rafale_max_complet";29,9877551020408;-17021,1157571447;34106,2315142893
"intensite_MR_rafale_max_complet";30,0904761904762;-17021,144915986;34106,289831972
"intensite_MR_rafale_max_complet";30,8095238095238;-17021,33401339;34106,66802678
"intensite_MR_rafale_max_complet";31,5285714285714;-17021,8722782469;34107,7445564939
"intensite_MR_rafale_max_complet";32,2476190476191;-17022,2247594004;34108,4495188008
"intensite_IC_moyen_sans_2202_2024";23,4;-21515,4999046578;43098,9998093155
"intensite_IC_moyen_sans_2202_2024";23,4579659863946;-21515,4940274887;43098,9880549773
"intensite_IC_moyen_sans_2202_2024";23,5159319727891;-21515,489959713;43098,9799194259
"intensite_IC_moyen_sans_2202_2024";23,5738979591837;-21515,493214088;43098,986428176
"intensite_IC_moyen_sans_2202_2024";23,6318639455782;-21515,5022764223;43099,0045528446
"intensite_IC_moyen_sans_2202_2024";23,6898299319728;-21515,5116538476;43099,0233076952
"intensite_IC_moyen_sans_2202_2024";23,7477959183673;-21515,5215118755;43099,0430237509
"intensite_IC_moyen_sans_2202_2024";23,8057619047619;-21515,5328555267;43099,0657110534
"intensite_IC_moyen_sans_2202_2024";23,8637278911565;-21515,5414849572;43099,0829699144
"intensite_IC_moyen_sans_2202_2024";23,921693877551;-21515,5559924533;43099,1119849066
"intensite_IC_moyen_sans_2202_2024";23,9796598639456;-21515,5680376197;43099,1360752394
"intensite_IC_moyen_sans_2202_2024";24,0376258503401;-21515,5771949279;43099,1543898557
"intensite_IC_moyen_sans_2202_2024";24,0955918367347;-21515,582136846;43099,1642736921
"intensite_IC_moyen_sans_2202_2024";24,1535578231293;-21515,5935202366;43099,1870404732
"intensite_IC_moyen_sans_2202_2024";24,2115238095238;-21515,6076905991;43099,2153811983
"intensite_IC_moyen_sans_2202_2024";25,0230476190476;-21515,6956702452;43099,3913404904
"intensite_IC_moyen_sans_2202_2024";25,8345714285714;-21515,573339687;43099,1466793741
"intensite_IC_moyen_sans_2202_2024";26,6460952380952;-21515,5979776769;43099,1959553538
"intensite_IC_moyen_sans_2202_2024";27,457619047619;-21515,5988687924;43099,1977375848
"intensite_IC_moyen_sans_2202_2024";28,2691428571429;-21515,6132876686;43099,2265753373
"intensite_IC_moyen_sans_2202_2024";29,0806666666667;-21515,5895392649;43099,1790785299
"intensite_IC_moyen_sans_2202_2024";29,8921904761905;-21515,5699498707;43099,1398997413
"intensite_IC_moyen_sans_2202_2024";30,7037142857143;-21515,5550668448;43099,1101336896
"intensite_IC_moyen_sans_2202_2024";31,5152380952381;-21515,6009659654;43099,2019319309
"intensite_IC_moyen_sans_2202_2024";32,3267619047619;-21515,5994060967;43099,1988121934
"intensite_IC_moyen_sans_2202_2024";33,1382857142857;-21515,7651199924;43099,5302399848
"intensite_IC_moyen_sans_2202_2024";33,9498095238095;-21515,8147002549;43099,6294005098
"intensite_IC_moyen_sans_2202_2024";34,7613333333333;-21515,7619096505;43099,5238193011
"intensite_IC_rafale_max_sans_2202_2024";23,4;-21521,2382036735;43110,476407347
"intensite_IC_rafale_max_sans_2202_2024";23,457962585034;-21521,2332318148;43110,4664636297
"intensite_IC_rafale_max_sans_2202_2024";23,515925170068;-21521,2300059855;43110,460011971
"intensite_IC_rafale_max_sans_2202_2024";23,573887755102;-21521,233429101;43110,466858202
"intensite_IC_rafale_max_sans_2202_2024";23,631850340136;-21521,2421634437;43110,4843268875
"intensite_IC_rafale_max_sans_2202_2024";23,6898129251701;-21521,2510993992;43110,5021987984
"intensite_IC_rafale_max_sans_2202_2024";23,7477755102041;-21521,2603743453;43110,5207486906
"intensite_IC_rafale_max_sans_2202_2024";23,8057380952381;-21521,2709819279;43110,5419638557
"intensite_IC_rafale_max_sans_2202_2024";23,8637006802721;-21521,2791001532;43110,5582003063
"intensite_IC_rafale_max_sans_2202_2024";23,9216632653061;-21521,2923575238;43110,5847150477
"intensite_IC_rafale_max_sans_2202_2024";23,9796258503401;-21521,3033413566;43110,6066827132
"intensite_IC_rafale_max_sans_2202_2024";24,0375884353741;-21521,3116720655;43110,6233441309
"intensite_IC_rafale_max_sans_2202_2024";24,0955510204082;-21521,3161752367;43110,6323504733
"intensite_IC_rafale_max_sans_2202_2024";24,1535136054422;-21521,3263532467;43110,6527064934
"intensite_IC_rafale_max_sans_2202_2024";24,2114761904762;-21521,3389616554;43110,6779233107
"intensite_IC_rafale_max_sans_2202_2024";25,0229523809524;-21521,4157378158;43110,8314756315
"intensite_IC_rafale_max_sans_2202_2024";25,8344285714286;-21521,3096465787;43110,6192931575
"intensite_IC_rafale_max_sans_2202_2024";26,6459047619048;-21521,3268947477;43110,6537894955
"intensite_IC_rafale_max_sans_2202_2024";27,4573809523809;-21521,3241867177;43110,6483734355
"intensite_IC_rafale_max_sans_2202_2024";28,2688571428571;-21521,3332050381;43110,6664100763
"intensite_IC_rafale_max_sans_2202_2024";29,0803333333333;-21521,3047819266;43110,6095638533
"intensite_IC_rafale_max_sans_2202_2024";29,8918095238095;-21521,2771648896;43110,5543297792
"intensite_IC_rafale_max_sans_2202_2024";30,7032857142857;-21521,2526508999;43110,5053017998
"intensite_IC_rafale_max_sans_2202_2024";31,5147619047619;-21521,2901583835;43110,580316767
"intensite_IC_rafale_max_sans_2202_2024";32,3262380952381;-21521,2857311014;43110,5714622029
"intensite_IC_rafale_max_sans_2202_2024";33,1377142857143;-21521,4456897261;43110,8913794522
"intensite_IC_rafale_max_sans_2202_2024";33,9491904761905;-21521,4949269423;43110,9898538845
"intensite_IC_rafale_max_sans_2202_2024";34,7606666666667;-21521,4456800544;43110,8913601088
"intensite_MR_moyen_sans_2202_2024";22,9;-16873,7556143798;33811,5112287595
"intensite_MR_moyen_sans_2202_2024";23,6238333333333;-16873,6620158073;33811,3240316146
"intensite_MR_moyen_sans_2202_2024";24,3476666666667;-16873,6660947515;33811,332189503
"intensite_MR_moyen_sans_2202_2024";25,0715;-16873,6363764848;33811,2727529697
"intensite_MR_moyen_sans_2202_2024";25,7953333333333;-16873,3656705691;33810,7313411382
"intensite_MR_moyen_sans_2202_2024";26,5191666666667;-16873,1707003799;33810,3414007598
"intensite_MR_moyen_sans_2202_2024";27,243;-16872,9753053036;33809,9506106072
"intensite_MR_moyen_sans_2202_2024";27,9668333333333;-16872,5978083956;33809,1956167912
"intensite_MR_moyen_sans_2202_2024";28,6906666666667;-16872,5112024812;33809,0224049624
"intensite_MR_moyen_sans_2202_2024";28,7940714285714;-16872,4591331745;33808,9182663489
"intensite_MR_moyen_sans_2202_2024";28,8974761904762;-16872,4100071513;33808,8200143027
"intensite_MR_moyen_sans_2202_2024";29,000880952381;-16872,33881848;33808,6776369599
"intensite_MR_moyen_sans_2202_2024";29,1042857142857;-16872,2829642481;33808,5659284961
"intensite_MR_moyen_sans_2202_2024";29,2076904761905;-16872,2311167096;33808,4622334191
"intensite_MR_moyen_sans_2202_2024";29,3110952380952;-16872,1954190627;33808,3908381254
"intensite_MR_moyen_sans_2202_2024";29,4145;-16872,174230406;33808,3484608121
"intensite_MR_moyen_sans_2202_2024";29,5179047619048;-16872,1615683881;33808,3231367763
"intensite_MR_moyen_sans_2202_2024";29,6213095238095;-16872,1570277842;33808,3140555683
"intensite_MR_moyen_sans_2202_2024";29,7247142857143;-16872,1499475845;33808,2998951691
"intensite_MR_moyen_sans_2202_2024";29,8281190476191;-16872,1331131477;33808,2662262954
"intensite_MR_moyen_sans_2202_2024";29,9315238095238;-16872,1372471304;33808,2744942609
"intensite_MR_moyen_sans_2202_2024";30,0349285714286;-16872,1476168114;33808,2952336227
"intensite_MR_moyen_sans_2202_2024";30,1383333333333;-16872,1755073578;33808,3510147155
"intensite_MR_moyen_sans_2202_2024";30,8621666666667;-16872,3779479976;33808,7558959951
"intensite_MR_moyen_sans_2202_2024";31,586;-16872,9136913748;33809,8273827495
"intensite_MR_moyen_sans_2202_2024";32,3098333333333;-16873,2684691228;33810,5369382455
"intensite_MR_rafale_max_sans_2202_2024";22,9;-16870,388143678;33804,7762873559
"intensite_MR_rafale_max_sans_2202_2024";23,6238333333333;-16870,2706914949;33804,5413829898
"intensite_MR_rafale_max_sans_2202_2024";24,3476666666667;-16870,291756915;33804,5835138301
"intensite_MR_rafale_max_sans_2202_2024";25,0715;-16870,2706063167;33804,5412126334
"intensite_MR_rafale_max_sans_2202_2024";25,7953333333333;-16870,0017661403;33804,0035322807
"intensite_MR_rafale_max_sans_2202_2024";26,5191666666667;-16869,8210514818;33803,6421029636
"intensite_MR_rafale_max_sans_2202_2024";27,243;-16869,6455292432;33803,2910584864
"intensite_MR_rafale_max_sans_2202_2024";27,9668333333333;-16869,2991242737;33802,5982485474
"intensite_MR_rafale_max_sans_2202_2024";28,6906666666667;-16869,2147977577;33802,4295955153
"intensite_MR_rafale_max_sans_2202_2024";29,4145;-16868,8667710273;33801,7335420547
"intensite_MR_rafale_max_sans_2202_2024";29,5179047619048;-16868,851178555;33801,70235711
"intensite_MR_rafale_max_sans_2202_2024";29,6213095238095;-16868,8446396836;33801,6892793672
"intensite_MR_rafale_max_sans_2202_2024";29,7247142857143;-16868,8361671888;33801,6723343777
"intensite_MR_rafale_max_sans_2202_2024";29,8281190476191;-16868,8186088861;33801,6372177722
"intensite_MR_rafale_max_sans_2202_2024";29,9315238095238;-16868,8205734605;33801,6411469211
"intensite_MR_rafale_max_sans_2202_2024";30,0349285714286;-16868,8268475063;33801,6536950126
"intensite_MR_rafale_max_sans_2202_2024";30,1383333333333;-16868,8504923118;33801,7009846235
"intensite_MR_rafale_max_sans_2202_2024";30,2417380952381;-16868,8532711;33801,7065421999
"intensite_MR_rafale_max_sans_2202_2024";30,3451428571429;-16868,847701763;33801,6954035261
"intensite_MR_rafale_max_sans_2202_2024";30,4485476190476;-16868,8445188143;33801,6890376285
"intensite_MR_rafale_max_sans_2202_2024";30,5519523809524;-16868,8528288049;33801,7056576099
"intensite_MR_rafale_max_sans_2202_2024";30,6553571428571;-16868,8838658584;33801,7677317168
"intensite_MR_rafale_max_sans_2202_2024";30,7587619047619;-16868,9480840336;33801,8961680672
"intensite_MR_rafale_max_sans_2202_2024";30,8621666666667;-16869,0332107124;33802,0664214248
"intensite_MR_rafale_max_sans_2202_2024";31,586;-16869,5708843661;33803,1417687322
"intensite_MR_rafale_max_sans_2202_2024";32,3098333333333;-16869,9126794973;33803,8253589947
